flight_no,source,destination,time,status,gate,price
6E259,Goa,Kolkata,20:00,Delayed,6,7288
6E573,Goa,Mumbai,20:30,Boarding,4,10662
SG426,Lucknow,Delhi,14:30,Cancelled,13,5134
UK519,Lucknow,Delhi,22:45,Boarding,10,9854
AI743,Kolkata,Hyderabad,16:45,On Time,14,3762
UK383,Jaipur,Pune,19:30,Delayed,14,6328
SG659,Mumbai,Bangalore,17:30,Cancelled,17,3152
SG664,Lucknow,Delhi,06:00,On Time,2,7086
SG738,Bangalore,Kolkata,21:15,Delayed,13,7988
AI673,Goa,Kolkata,19:15,Delayed,5,9006
AI754,Lucknow,Pune,11:15,Cancelled,6,8012
AI281,Bangalore,Kolkata,16:15,Boarding,8,3329
QP685,Bangalore,Chennai,01:30,Cancelled,14,6345
QP311,Mumbai,Kolkata,01:00,Boarding,12,9551
6E270,Ahmedabad,Pune,07:30,Cancelled,12,3131
SG839,Bangalore,Pune,21:30,Delayed,16,11167
QP240,Mumbai,Chennai,23:15,Cancelled,6,4673
QP850,Pune,Lucknow,17:15,On Time,10,5259
QP502,Goa,Mumbai,07:15,Boarding,20,8128
SG365,Ahmedabad,Kolkata,06:30,Boarding,17,8887
UK958,Chennai,Kolkata,12:30,Delayed,3,3840
UK564,Chennai,Lucknow,20:30,Boarding,11,4329
SG633,Mumbai,Kolkata,23:45,Cancelled,4,6467
QP162,Pune,Chennai,18:45,Delayed,6,7928
QP268,Pune,Delhi,01:45,On Time,13,3092
UK309,Ahmedabad,Jaipur,07:15,Boarding,8,9678
AI702,Chennai,Jaipur,00:00,Delayed,12,7329
QP540,Hyderabad,Bangalore,10:15,Delayed,2,11250
AI866,Delhi,Ahmedabad,23:30,Cancelled,16,11794
6E609,Jaipur,Lucknow,20:15,Cancelled,8,11134
QP185,Delhi,Kolkata,04:15,Boarding,6,8983
SG436,Kolkata,Hyderabad,00:15,Boarding,2,8179
QP251,Kolkata,Bangalore,22:00,On Time,1,5855
SG931,Lucknow,Kolkata,04:00,On Time,20,9800
QP192,Chennai,Mumbai,21:00,Boarding,18,9850
QP251,Pune,Mumbai,20:00,Delayed,12,6576
AI709,Kolkata,Bangalore,15:00,Delayed,20,8335
AI361,Pune,Ahmedabad,14:00,Delayed,16,9261
UK681,Mumbai,Bangalore,12:00,Boarding,10,9101
QP776,Chennai,Jaipur,11:45,On Time,4,7215
UK657,Jaipur,Hyderabad,21:15,Cancelled,13,6533
6E756,Jaipur,Mumbai,04:15,On Time,10,4993
6E903,Goa,Kolkata,06:30,Delayed,10,9802
UK277,Ahmedabad,Chennai,20:15,On Time,12,4508
UK143,Delhi,Lucknow,10:15,Delayed,14,7950
SG684,Ahmedabad,Chennai,05:45,Delayed,20,4796
6E153,Lucknow,Jaipur,17:45,Boarding,19,7580
AI371,Kolkata,Hyderabad,08:15,On Time,15,10767
AI912,Mumbai,Goa,18:45,Delayed,17,7809
SG311,Bangalore,Ahmedabad,14:45,Cancelled,10,8685
SG639,Jaipur,Mumbai,01:30,Boarding,16,4258
6E527,Lucknow,Goa,11:30,Delayed,6,7793
6E994,Lucknow,Goa,11:45,Cancelled,5,11881
SG443,Lucknow,Ahmedabad,17:15,On Time,14,7506
6E700,Kolkata,Lucknow,13:45,Delayed,7,8828
SG304,Goa,Pune,22:30,Boarding,5,5071
6E865,Ahmedabad,Delhi,07:30,Cancelled,15,11316
SG338,Mumbai,Goa,00:45,Delayed,17,10603
QP552,Goa,Pune,08:00,Boarding,18,7688
AI570,Goa,Jaipur,17:15,Boarding,19,11975
SG553,Ahmedabad,Lucknow,12:30,Delayed,14,7279
QP320,Goa,Mumbai,06:00,Delayed,17,5459
QP300,Kolkata,Goa,16:15,Delayed,8,5834
UK297,Kolkata,Hyderabad,07:30,Boarding,16,8408
UK265,Chennai,Kolkata,02:30,On Time,13,3167
6E231,Delhi,Hyderabad,00:45,On Time,15,11534
SG138,Mumbai,Pune,14:45,Boarding,5,11762
QP706,Ahmedabad,Goa,08:15,Delayed,4,4781
QP246,Delhi,Kolkata,18:45,Boarding,11,11836
6E138,Delhi,Mumbai,12:15,On Time,1,9831
SG638,Goa,Mumbai,07:00,On Time,4,11545
AI335,Jaipur,Ahmedabad,12:15,Boarding,11,8983
UK456,Mumbai,Bangalore,13:45,Delayed,13,6617
UK956,Pune,Jaipur,16:15,Delayed,19,11773
QP112,Hyderabad,Bangalore,11:45,Cancelled,10,11440
6E154,Jaipur,Lucknow,14:00,Cancelled,5,5926
AI768,Delhi,Hyderabad,17:15,Cancelled,16,7932
QP530,Bangalore,Chennai,09:30,Delayed,11,5356
AI471,Ahmedabad,Goa,22:45,On Time,20,10426
UK545,Pune,Kolkata,23:15,On Time,8,6850
6E968,Goa,Bangalore,13:30,On Time,8,5004
AI774,Mumbai,Chennai,23:30,Delayed,16,6008
UK238,Bangalore,Jaipur,09:15,On Time,16,10370
AI546,Lucknow,Kolkata,01:15,On Time,18,6424
UK647,Mumbai,Pune,03:45,Boarding,9,3196
QP436,Hyderabad,Bangalore,21:45,Boarding,2,3716
AI899,Mumbai,Bangalore,06:15,Delayed,19,3941
SG904,Kolkata,Lucknow,05:00,Delayed,1,9692
QP286,Mumbai,Bangalore,07:30,Boarding,15,5017
6E718,Mumbai,Delhi,22:45,Boarding,20,8342
6E450,Goa,Chennai,14:00,Delayed,20,11073
SG210,Lucknow,Bangalore,22:45,Delayed,13,10132
QP466,Ahmedabad,Pune,04:45,Boarding,10,8888
6E507,Kolkata,Ahmedabad,04:30,Cancelled,1,8403
QP966,Lucknow,Ahmedabad,08:30,On Time,14,10490
AI549,Hyderabad,Mumbai,05:45,Boarding,17,4546
SG266,Ahmedabad,Chennai,07:30,Delayed,1,9283
6E166,Ahmedabad,Jaipur,02:00,Delayed,6,3144
SG381,Hyderabad,Jaipur,22:45,Boarding,15,10197
UK473,Goa,Mumbai,17:15,Boarding,10,10554
SG604,Jaipur,Hyderabad,03:45,Cancelled,10,9113
QP645,Hyderabad,Bangalore,05:45,Cancelled,3,7972
AI182,Kolkata,Goa,22:45,Cancelled,5,6192
6E327,Jaipur,Lucknow,08:45,Delayed,1,5877
6E803,Pune,Ahmedabad,01:45,Cancelled,6,3417
SG204,Kolkata,Lucknow,20:45,Cancelled,8,11132
SG634,Goa,Hyderabad,02:15,Cancelled,4,3826
QP893,Ahmedabad,Bangalore,20:00,Boarding,5,10482
UK356,Ahmedabad,Pune,20:45,Cancelled,11,5107
AI143,Ahmedabad,Kolkata,13:45,Cancelled,4,5189
UK278,Pune,Ahmedabad,20:15,Delayed,3,9471
SG885,Ahmedabad,Bangalore,19:00,On Time,14,10342
QP137,Jaipur,Chennai,02:45,On Time,6,3109
SG742,Chennai,Pune,11:30,On Time,2,9468
QP618,Mumbai,Goa,22:15,Cancelled,8,10555
UK355,Lucknow,Bangalore,01:30,Cancelled,14,11178
AI460,Delhi,Hyderabad,07:00,Boarding,4,3963
SG391,Hyderabad,Delhi,03:30,On Time,16,4897
QP568,Mumbai,Delhi,04:00,Delayed,12,11675
QP164,Bangalore,Goa,18:15,Boarding,9,11371
6E308,Delhi,Bangalore,20:45,On Time,7,8784
SG217,Kolkata,Mumbai,06:30,Delayed,19,10948
QP268,Delhi,Goa,21:30,Boarding,8,9766
6E380,Lucknow,Goa,22:30,On Time,17,11382
6E813,Hyderabad,Goa,03:30,Boarding,3,6928
UK331,Chennai,Lucknow,09:45,Boarding,10,11844
6E614,Goa,Lucknow,10:15,Delayed,16,7021
6E832,Kolkata,Lucknow,00:30,Delayed,4,5075
AI196,Bangalore,Jaipur,20:45,On Time,7,10320
QP572,Hyderabad,Goa,20:30,On Time,20,10888
SG895,Goa,Bangalore,10:00,Cancelled,3,7940
UK637,Pune,Goa,08:15,On Time,11,4499
UK589,Bangalore,Chennai,16:15,On Time,9,6635
UK643,Ahmedabad,Bangalore,20:45,Cancelled,20,6913
AI483,Delhi,Pune,19:00,Delayed,17,5322
UK737,Jaipur,Bangalore,16:15,Delayed,6,8954
AI278,Jaipur,Goa,08:00,Cancelled,15,3852
UK305,Ahmedabad,Lucknow,19:30,Boarding,10,8089
SG176,Goa,Chennai,10:45,Cancelled,1,3747
SG547,Chennai,Pune,14:00,On Time,19,5177
UK275,Delhi,Chennai,11:00,Boarding,19,10586
AI569,Jaipur,Mumbai,03:45,Cancelled,4,6870
SG695,Pune,Ahmedabad,14:45,Delayed,5,8367
6E501,Chennai,Goa,03:45,Cancelled,6,8495
UK555,Goa,Mumbai,21:15,Delayed,6,4479
QP109,Bangalore,Ahmedabad,06:45,Cancelled,2,11458
SG229,Pune,Bangalore,22:30,On Time,3,9002
SG448,Ahmedabad,Kolkata,15:45,Boarding,4,4726
AI998,Hyderabad,Goa,06:30,Delayed,3,3687
QP820,Bangalore,Jaipur,06:00,Cancelled,5,6031
AI754,Hyderabad,Chennai,08:00,Cancelled,16,6469
6E310,Goa,Ahmedabad,20:30,Boarding,15,6200
AI948,Delhi,Jaipur,18:15,Delayed,7,4140
6E991,Mumbai,Pune,00:45,Delayed,2,3629
6E673,Mumbai,Lucknow,05:00,Cancelled,19,7179
AI808,Pune,Bangalore,21:30,Cancelled,6,11168
SG192,Goa,Jaipur,00:15,Boarding,15,4235
UK575,Hyderabad,Bangalore,21:30,Boarding,5,4868
SG908,Lucknow,Chennai,04:30,Cancelled,5,6546
UK897,Kolkata,Delhi,16:00,Cancelled,11,7514
6E584,Jaipur,Pune,02:45,Boarding,2,6382
UK775,Mumbai,Jaipur,05:15,Delayed,16,11472
UK676,Ahmedabad,Chennai,16:45,Cancelled,2,9612
UK157,Mumbai,Pune,01:45,On Time,1,5033
SG294,Hyderabad,Goa,11:00,On Time,5,6694
6E439,Hyderabad,Kolkata,17:00,Cancelled,17,3044
QP514,Hyderabad,Ahmedabad,20:45,Boarding,11,7521
6E492,Kolkata,Lucknow,02:00,Cancelled,7,7601
UK863,Hyderabad,Delhi,02:00,Boarding,11,4884
AI606,Lucknow,Mumbai,23:30,On Time,1,6715
AI816,Lucknow,Jaipur,23:45,Delayed,12,5017
6E273,Pune,Bangalore,06:45,On Time,13,10912
SG286,Bangalore,Lucknow,17:30,Delayed,7,11473
UK160,Lucknow,Jaipur,03:30,Cancelled,20,6784
6E686,Mumbai,Goa,07:00,Boarding,10,3429
UK491,Ahmedabad,Hyderabad,09:45,Cancelled,12,7305
AI852,Mumbai,Lucknow,16:45,On Time,17,5404
AI986,Bangalore,Delhi,13:45,Cancelled,5,10106
QP455,Lucknow,Jaipur,03:00,Boarding,16,4705
6E233,Kolkata,Lucknow,23:15,On Time,10,7026
UK723,Goa,Bangalore,17:15,Delayed,3,11950
SG931,Goa,Jaipur,22:15,Cancelled,20,10926
6E641,Lucknow,Bangalore,00:00,Delayed,4,9696
AI447,Chennai,Lucknow,07:15,On Time,2,8679
AI430,Kolkata,Bangalore,10:15,Cancelled,7,10729
SG617,Kolkata,Hyderabad,20:15,On Time,2,7462
UK511,Chennai,Bangalore,22:00,On Time,14,4680
UK855,Kolkata,Jaipur,16:45,Boarding,11,4800
AI260,Jaipur,Chennai,15:30,Boarding,1,10690
6E176,Ahmedabad,Delhi,08:15,Cancelled,9,11808
AI336,Delhi,Pune,03:45,On Time,1,3947
QP312,Chennai,Jaipur,00:15,On Time,13,4091
AI948,Lucknow,Jaipur,08:45,Delayed,8,4766
AI343,Lucknow,Goa,08:00,On Time,10,11265
6E197,Mumbai,Bangalore,11:45,Boarding,10,5683
6E943,Ahmedabad,Goa,23:00,Delayed,10,9816
AI536,Jaipur,Ahmedabad,15:00,Delayed,20,6236
AI194,Delhi,Lucknow,00:15,Delayed,11,10583
6E299,Goa,Delhi,22:00,Boarding,16,11439
6E857,Delhi,Mumbai,13:15,On Time,15,6226
UK385,Goa,Pune,01:00,Delayed,6,8797
SG593,Delhi,Lucknow,01:00,Cancelled,15,10455
UK965,Ahmedabad,Delhi,11:30,Boarding,19,10079
6E556,Jaipur,Pune,00:45,Delayed,9,4072
AI855,Lucknow,Pune,06:45,Cancelled,16,3192
QP407,Bangalore,Mumbai,08:30,Boarding,16,10289
AI681,Mumbai,Pune,12:15,On Time,15,9716
6E209,Hyderabad,Chennai,06:00,Delayed,18,10696
SG737,Pune,Goa,05:15,Boarding,10,6316
UK892,Ahmedabad,Bangalore,06:45,Delayed,14,5937
6E165,Goa,Jaipur,22:15,On Time,1,7081
SG532,Chennai,Hyderabad,12:15,On Time,8,8484
AI945,Pune,Kolkata,14:15,On Time,20,8214
AI215,Hyderabad,Goa,15:15,Delayed,20,4426
SG305,Hyderabad,Goa,18:30,Boarding,18,11948
6E273,Kolkata,Chennai,08:30,Delayed,5,6335
AI581,Chennai,Kolkata,18:45,Boarding,5,6867
6E516,Ahmedabad,Lucknow,21:30,Delayed,17,5456
SG211,Chennai,Kolkata,18:30,Cancelled,2,5538
QP114,Hyderabad,Jaipur,13:15,On Time,13,10905
SG644,Chennai,Hyderabad,22:45,Cancelled,1,10944
SG825,Mumbai,Goa,14:30,On Time,19,6301
AI902,Ahmedabad,Lucknow,21:45,On Time,5,6277
6E391,Mumbai,Lucknow,01:15,Boarding,12,5597
SG790,Goa,Jaipur,18:15,Delayed,6,8072
UK640,Mumbai,Ahmedabad,04:30,On Time,13,3809
6E181,Chennai,Goa,07:00,Cancelled,1,11507
QP985,Chennai,Goa,05:30,Delayed,7,11406
6E595,Hyderabad,Delhi,10:00,On Time,12,8171
AI220,Bangalore,Hyderabad,04:00,On Time,15,11456
AI624,Mumbai,Goa,09:00,On Time,10,8369
6E289,Pune,Jaipur,23:00,Boarding,2,10267
UK153,Ahmedabad,Bangalore,09:45,Cancelled,13,7282
6E172,Goa,Ahmedabad,10:45,On Time,12,11707
SG210,Jaipur,Hyderabad,21:30,Cancelled,14,8220
QP989,Hyderabad,Delhi,22:15,Delayed,19,11297
UK378,Kolkata,Chennai,16:00,Delayed,18,9822
SG764,Bangalore,Goa,09:00,Cancelled,10,8163
AI774,Goa,Bangalore,17:30,Delayed,4,10387
6E917,Delhi,Mumbai,02:30,Cancelled,20,9537
UK529,Goa,Mumbai,09:30,Delayed,11,8103
QP499,Bangalore,Jaipur,12:15,Cancelled,9,10387
6E624,Chennai,Bangalore,10:30,Boarding,18,3248
QP430,Hyderabad,Jaipur,06:15,Cancelled,5,6052
SG929,Ahmedabad,Jaipur,14:30,Cancelled,15,10708
SG731,Jaipur,Kolkata,12:45,Cancelled,1,7167
6E226,Mumbai,Chennai,19:45,Delayed,20,7403
SG734,Kolkata,Lucknow,16:45,Boarding,10,3816
QP366,Pune,Jaipur,01:45,Boarding,18,7728
QP558,Ahmedabad,Lucknow,23:30,Delayed,11,5894
SG637,Chennai,Delhi,10:45,Delayed,11,7941
SG605,Goa,Chennai,22:00,Boarding,10,6952
SG907,Pune,Jaipur,23:15,Boarding,9,7080
QP265,Chennai,Hyderabad,19:45,Cancelled,14,11391
6E137,Delhi,Goa,19:30,Boarding,1,11794
UK303,Lucknow,Kolkata,07:15,Boarding,18,8608
QP195,Kolkata,Mumbai,03:45,Delayed,5,5266
AI327,Bangalore,Lucknow,06:15,Cancelled,5,10764
AI773,Ahmedabad,Lucknow,10:30,Boarding,18,3942
SG665,Kolkata,Chennai,03:15,Cancelled,4,11777
UK996,Goa,Bangalore,00:45,Delayed,16,6919
6E387,Lucknow,Mumbai,07:30,On Time,11,9948
SG734,Goa,Hyderabad,22:30,On Time,4,7039
6E617,Hyderabad,Jaipur,02:45,Boarding,18,6383
SG831,Bangalore,Lucknow,13:15,Cancelled,16,9223
AI797,Chennai,Delhi,13:00,Cancelled,10,4230
UK761,Ahmedabad,Hyderabad,17:00,Delayed,20,10931
UK102,Mumbai,Lucknow,12:15,Delayed,19,5503
SG274,Lucknow,Jaipur,23:45,Delayed,15,7063
UK109,Chennai,Bangalore,12:00,On Time,1,6456
QP308,Delhi,Ahmedabad,07:30,Delayed,8,3595
SG956,Delhi,Bangalore,03:15,On Time,9,4732
AI903,Goa,Hyderabad,14:30,Boarding,5,4204
AI909,Mumbai,Lucknow,18:45,On Time,7,10596
AI699,Kolkata,Bangalore,07:15,On Time,5,9962
UK714,Ahmedabad,Kolkata,22:30,On Time,1,8815
QP558,Hyderabad,Jaipur,22:30,Boarding,1,4742
UK729,Chennai,Hyderabad,18:45,Boarding,5,6503
AI220,Pune,Mumbai,11:00,Delayed,15,11765
AI395,Pune,Chennai,22:45,On Time,1,5347
AI254,Mumbai,Ahmedabad,19:30,On Time,6,8511
6E598,Bangalore,Hyderabad,06:30,Cancelled,5,10212
6E989,Goa,Lucknow,07:00,On Time,7,5226
AI192,Kolkata,Hyderabad,05:15,On Time,6,7425
SG575,Delhi,Lucknow,21:45,Cancelled,5,5848
SG741,Ahmedabad,Chennai,20:00,Boarding,12,9726
AI744,Kolkata,Ahmedabad,10:30,Delayed,9,11273
QP923,Ahmedabad,Bangalore,22:00,Delayed,3,10462
AI842,Goa,Hyderabad,15:00,Delayed,15,8081
QP822,Bangalore,Kolkata,21:15,Boarding,13,5538
AI931,Jaipur,Ahmedabad,00:00,On Time,2,3577
SG809,Delhi,Lucknow,14:30,On Time,19,5955
UK140,Bangalore,Ahmedabad,22:30,Delayed,9,5568
UK352,Pune,Goa,06:30,Cancelled,5,5022
6E895,Hyderabad,Kolkata,22:15,Delayed,11,7869
QP812,Jaipur,Ahmedabad,07:00,Delayed,1,4878
UK833,Ahmedabad,Kolkata,16:45,On Time,1,4633
6E468,Chennai,Jaipur,22:30,Delayed,2,11911
QP419,Chennai,Pune,18:30,Cancelled,11,5273
QP599,Ahmedabad,Jaipur,04:30,Delayed,19,5938
6E774,Ahmedabad,Goa,21:15,On Time,19,6402
6E128,Pune,Lucknow,04:45,Boarding,20,3799
QP716,Ahmedabad,Lucknow,07:00,Cancelled,15,11818
AI324,Mumbai,Delhi,01:15,Cancelled,1,7997
SG299,Goa,Delhi,02:30,On Time,10,7252
SG837,Ahmedabad,Hyderabad,13:15,Delayed,15,3879
QP779,Pune,Kolkata,21:00,Boarding,17,5139
AI654,Bangalore,Mumbai,18:15,Delayed,12,4709
6E938,Ahmedabad,Chennai,07:45,Delayed,9,5257
SG521,Chennai,Lucknow,20:45,Delayed,16,7797
6E857,Lucknow,Jaipur,03:30,Cancelled,9,10572
QP561,Delhi,Hyderabad,18:30,Boarding,17,3877
6E829,Hyderabad,Goa,10:45,Delayed,2,10136
QP194,Hyderabad,Kolkata,10:30,Cancelled,1,3912
UK912,Delhi,Mumbai,14:00,Cancelled,5,4870
AI179,Lucknow,Ahmedabad,06:30,On Time,4,6278
6E793,Bangalore,Kolkata,03:30,Cancelled,11,6390
AI788,Ahmedabad,Pune,09:00,Cancelled,11,10424
SG205,Kolkata,Delhi,07:30,Boarding,6,8945
AI786,Pune,Hyderabad,10:00,On Time,10,8653
SG724,Lucknow,Goa,20:15,Delayed,9,5487
AI607,Hyderabad,Lucknow,13:30,Cancelled,15,8765
6E806,Hyderabad,Goa,14:15,Cancelled,3,11285
AI895,Hyderabad,Chennai,11:45,Boarding,15,10479
UK534,Kolkata,Delhi,20:00,Cancelled,13,4754
UK373,Pune,Hyderabad,04:15,On Time,10,5655
AI467,Goa,Delhi,00:15,Delayed,12,8102
SG269,Chennai,Ahmedabad,01:30,Delayed,3,5097
QP151,Pune,Delhi,09:15,Cancelled,6,5855
AI204,Chennai,Mumbai,18:15,On Time,15,11268
QP456,Pune,Delhi,18:45,Cancelled,1,3670
SG529,Hyderabad,Goa,21:30,Delayed,18,7115
AI486,Lucknow,Delhi,01:45,Cancelled,2,3030
QP142,Hyderabad,Pune,21:45,Boarding,14,10972
AI655,Delhi,Mumbai,19:30,On Time,5,8142
AI424,Goa,Ahmedabad,06:30,Delayed,9,8581
6E558,Kolkata,Bangalore,03:00,Cancelled,20,7860
QP641,Bangalore,Pune,07:30,Boarding,1,8202
6E966,Hyderabad,Bangalore,01:00,Cancelled,13,7262
UK630,Pune,Chennai,08:15,Cancelled,11,9404
QP342,Lucknow,Chennai,03:15,Cancelled,14,6825
QP449,Chennai,Pune,16:15,Boarding,14,7940
6E655,Hyderabad,Goa,12:00,On Time,15,10638
QP284,Hyderabad,Ahmedabad,23:45,Cancelled,8,4180
AI603,Delhi,Jaipur,07:30,Cancelled,16,9779
SG701,Goa,Ahmedabad,07:15,Boarding,3,8304
UK381,Delhi,Jaipur,18:45,Boarding,15,3978
QP632,Delhi,Ahmedabad,08:00,On Time,18,11805
QP540,Lucknow,Delhi,04:15,On Time,19,4329
6E328,Bangalore,Delhi,22:15,Cancelled,7,11010
UK738,Mumbai,Kolkata,12:00,Delayed,14,6371
QP131,Pune,Jaipur,17:30,Delayed,13,4893
AI784,Hyderabad,Mumbai,19:15,Delayed,13,6861
QP416,Hyderabad,Bangalore,01:00,Cancelled,4,9634
SG665,Jaipur,Ahmedabad,17:45,Cancelled,8,6907
SG273,Kolkata,Lucknow,16:15,On Time,13,6723
SG453,Pune,Delhi,01:45,On Time,16,6477
6E199,Bangalore,Hyderabad,05:45,Boarding,14,10364
UK512,Hyderabad,Lucknow,19:00,Cancelled,6,11852
QP379,Jaipur,Chennai,02:45,Boarding,9,3932
SG126,Jaipur,Goa,23:15,On Time,13,8606
6E953,Jaipur,Lucknow,04:15,Cancelled,8,6446
6E930,Mumbai,Pune,09:15,Boarding,9,5565
AI656,Chennai,Kolkata,00:30,Cancelled,16,8641
6E236,Jaipur,Pune,22:45,On Time,16,5557
SG317,Ahmedabad,Jaipur,06:15,Boarding,20,11934
SG742,Jaipur,Delhi,13:45,On Time,20,8955
QP337,Pune,Jaipur,18:30,Boarding,17,8941
QP570,Mumbai,Lucknow,04:30,Boarding,2,8184
6E170,Bangalore,Ahmedabad,12:00,Boarding,9,4969
AI431,Goa,Kolkata,20:00,Boarding,12,9157
SG197,Jaipur,Kolkata,05:30,Boarding,9,11675
6E721,Chennai,Hyderabad,04:45,Boarding,9,6510
UK758,Hyderabad,Chennai,02:00,Delayed,2,8543
UK958,Pune,Delhi,08:15,Delayed,8,4629
SG285,Hyderabad,Pune,17:15,Cancelled,10,5655
UK255,Delhi,Jaipur,06:00,On Time,11,3430
AI532,Ahmedabad,Mumbai,17:30,Delayed,6,7974
UK172,Delhi,Ahmedabad,08:45,Cancelled,1,6711
QP217,Hyderabad,Goa,10:30,Delayed,14,10403
UK578,Delhi,Pune,12:00,On Time,20,10857
6E523,Kolkata,Jaipur,20:30,Delayed,14,5472
QP723,Lucknow,Pune,06:15,Cancelled,16,8494
AI714,Bangalore,Kolkata,19:15,Boarding,17,8633
AI851,Jaipur,Ahmedabad,21:45,Boarding,6,4453
AI727,Kolkata,Bangalore,05:45,Cancelled,6,3142
UK907,Bangalore,Chennai,21:00,On Time,5,7037
UK763,Hyderabad,Kolkata,12:45,Boarding,18,6973
AI683,Ahmedabad,Chennai,10:00,Delayed,19,7436
UK810,Ahmedabad,Mumbai,11:00,Boarding,1,4536
6E942,Kolkata,Chennai,20:00,On Time,17,5211
6E198,Delhi,Ahmedabad,13:30,On Time,19,3715
SG283,Chennai,Bangalore,23:45,On Time,18,3155
SG358,Bangalore,Lucknow,16:45,Boarding,12,10346
6E953,Kolkata,Hyderabad,10:45,On Time,2,11899
6E654,Delhi,Goa,14:00,Boarding,2,11017
6E837,Lucknow,Hyderabad,07:45,Boarding,9,3923
UK878,Hyderabad,Chennai,03:00,Cancelled,16,4002
UK722,Chennai,Lucknow,00:00,Delayed,19,5359
QP471,Goa,Hyderabad,04:30,Delayed,2,7550
UK335,Hyderabad,Pune,05:30,Boarding,12,3167
AI397,Ahmedabad,Delhi,22:45,Cancelled,12,7555
UK173,Lucknow,Kolkata,10:00,Boarding,8,3609
SG308,Delhi,Mumbai,04:00,Cancelled,10,8157
QP339,Kolkata,Pune,20:45,Cancelled,2,4442
6E183,Kolkata,Pune,11:00,Cancelled,4,8365
SG127,Pune,Hyderabad,14:00,Cancelled,9,9232
6E492,Kolkata,Mumbai,02:30,Cancelled,20,10397
AI811,Bangalore,Goa,22:45,Boarding,17,5392
6E532,Kolkata,Lucknow,03:45,Boarding,19,5936
QP626,Chennai,Ahmedabad,14:00,Cancelled,19,5193
6E586,Lucknow,Hyderabad,12:30,Delayed,11,6947
UK635,Kolkata,Lucknow,07:30,Delayed,7,3531
SG137,Delhi,Hyderabad,05:30,On Time,5,7254
6E531,Mumbai,Ahmedabad,21:15,Boarding,7,6231
6E638,Pune,Mumbai,23:30,Cancelled,17,8857
QP294,Pune,Bangalore,13:15,Cancelled,2,11394
6E877,Ahmedabad,Goa,08:15,Delayed,13,4114
SG775,Kolkata,Ahmedabad,17:30,Boarding,8,5710
UK300,Ahmedabad,Hyderabad,00:45,Cancelled,1,6579
SG896,Lucknow,Bangalore,05:15,Boarding,12,4523
SG887,Ahmedabad,Jaipur,07:15,Delayed,16,8465
AI836,Delhi,Chennai,23:15,On Time,10,10176
AI683,Ahmedabad,Pune,09:00,Boarding,11,7608
QP202,Jaipur,Hyderabad,16:15,Cancelled,6,4256
6E692,Jaipur,Kolkata,19:30,Cancelled,18,3882
AI161,Goa,Bangalore,17:30,On Time,15,11783
6E764,Lucknow,Jaipur,14:30,Delayed,6,4135
SG453,Goa,Chennai,00:30,Cancelled,7,11951
QP855,Lucknow,Goa,04:45,Cancelled,1,9083
QP546,Goa,Hyderabad,19:15,Cancelled,3,10139
6E120,Bangalore,Jaipur,01:30,Boarding,20,5215
SG590,Delhi,Bangalore,05:30,On Time,1,11176
AI720,Mumbai,Goa,07:30,Delayed,19,4510
AI246,Kolkata,Bangalore,07:45,Boarding,18,8125
SG128,Chennai,Delhi,19:15,Cancelled,4,7988
6E709,Chennai,Ahmedabad,21:45,Delayed,7,3024
6E711,Goa,Hyderabad,23:30,Boarding,20,7860
6E582,Lucknow,Chennai,23:45,Cancelled,8,5854
QP652,Delhi,Jaipur,18:30,Delayed,8,6473
UK505,Bangalore,Pune,14:45,Delayed,15,5564
6E605,Pune,Goa,19:00,On Time,11,8830
QP776,Bangalore,Chennai,17:00,Boarding,14,6626
UK594,Kolkata,Chennai,02:15,Delayed,11,9480
UK260,Hyderabad,Bangalore,06:00,Boarding,17,4448
AI799,Jaipur,Ahmedabad,01:15,Delayed,8,8500
AI882,Hyderabad,Jaipur,19:15,Cancelled,4,6281
UK903,Lucknow,Hyderabad,10:45,Boarding,1,8590
UK333,Lucknow,Kolkata,05:15,Boarding,20,8589
QP146,Lucknow,Mumbai,04:45,Cancelled,18,8056
6E981,Lucknow,Goa,14:15,On Time,4,10284
UK345,Chennai,Hyderabad,05:00,Cancelled,3,5058
AI714,Delhi,Ahmedabad,12:45,Boarding,1,7659
AI417,Kolkata,Ahmedabad,07:00,Delayed,7,11879
QP548,Lucknow,Kolkata,21:15,Boarding,14,4533
SG866,Delhi,Mumbai,12:15,Delayed,4,11660
6E402,Pune,Jaipur,17:15,Cancelled,17,9244
UK809,Kolkata,Chennai,02:45,Delayed,19,5900
6E978,Delhi,Hyderabad,16:00,Boarding,10,3199
SG614,Kolkata,Goa,19:30,Boarding,4,4850
QP629,Delhi,Bangalore,07:30,Cancelled,6,8106
QP248,Lucknow,Hyderabad,16:15,On Time,20,6505
AI348,Chennai,Delhi,06:00,Delayed,5,4385
SG957,Jaipur,Kolkata,22:00,Cancelled,7,4215
SG509,Mumbai,Ahmedabad,15:00,Cancelled,3,7266
QP722,Jaipur,Pune,18:45,Delayed,1,3381
6E555,Pune,Hyderabad,19:00,On Time,9,8135
QP233,Ahmedabad,Hyderabad,13:45,Delayed,19,8076
QP532,Goa,Chennai,14:45,Delayed,15,3834
6E521,Delhi,Mumbai,16:15,Boarding,9,10307
6E258,Kolkata,Chennai,10:00,Boarding,10,4854
SG258,Ahmedabad,Hyderabad,04:45,On Time,5,5961
6E265,Mumbai,Goa,09:30,Cancelled,19,3115
SG417,Lucknow,Hyderabad,16:15,Cancelled,13,5301
QP308,Pune,Lucknow,23:15,Boarding,13,5074
QP973,Pune,Kolkata,15:00,On Time,16,8167
SG357,Delhi,Pune,09:00,Delayed,6,10278
UK717,Hyderabad,Mumbai,16:30,Delayed,15,10109
QP469,Kolkata,Ahmedabad,23:00,Delayed,13,9896
UK141,Kolkata,Delhi,13:00,Cancelled,20,10446
QP523,Hyderabad,Delhi,13:30,Delayed,19,4733
SG351,Pune,Jaipur,23:30,Delayed,1,8761
QP874,Lucknow,Hyderabad,00:15,Delayed,14,9511
QP953,Lucknow,Delhi,19:15,Cancelled,10,8397
SG251,Mumbai,Bangalore,23:30,Boarding,11,3410
SG314,Goa,Lucknow,16:00,Delayed,7,4034
UK158,Ahmedabad,Jaipur,08:15,Delayed,11,3186
UK809,Kolkata,Chennai,07:30,Boarding,4,5488
6E137,Kolkata,Lucknow,08:45,Delayed,14,3702
SG749,Goa,Kolkata,18:45,On Time,15,6110
SG891,Goa,Lucknow,00:45,Boarding,18,8838
AI965,Kolkata,Jaipur,15:30,On Time,5,7079
6E121,Kolkata,Hyderabad,17:45,On Time,7,11224
6E362,Goa,Lucknow,03:00,Delayed,1,3371
AI540,Delhi,Lucknow,21:30,Boarding,10,11097
AI162,Bangalore,Pune,22:45,Boarding,4,3302
SG731,Ahmedabad,Kolkata,09:15,Boarding,11,4437
UK738,Pune,Goa,07:15,Boarding,13,10522
SG692,Jaipur,Delhi,13:45,Boarding,9,7819
AI531,Mumbai,Ahmedabad,05:00,Delayed,8,6588
SG228,Delhi,Bangalore,10:45,Boarding,18,10014
AI122,Delhi,Hyderabad,23:00,Cancelled,15,6364
6E279,Delhi,Bangalore,21:30,Cancelled,12,6757
6E262,Mumbai,Lucknow,02:45,Cancelled,10,11247
SG768,Mumbai,Ahmedabad,20:00,Boarding,13,5604
6E422,Lucknow,Mumbai,18:45,On Time,16,5996
UK485,Kolkata,Jaipur,19:00,Cancelled,6,4338
QP251,Goa,Hyderabad,03:45,Cancelled,4,11329
AI679,Bangalore,Delhi,22:00,Delayed,8,11703
AI511,Kolkata,Mumbai,11:45,Delayed,3,4220
6E717,Delhi,Chennai,13:15,On Time,7,4523
SG522,Kolkata,Lucknow,23:00,Boarding,9,11076
QP894,Jaipur,Chennai,01:30,On Time,2,11568
QP117,Hyderabad,Lucknow,15:00,Delayed,6,7899
AI168,Pune,Mumbai,11:45,On Time,10,7600
UK743,Chennai,Jaipur,15:00,Delayed,19,9091
SG386,Lucknow,Mumbai,16:00,Delayed,13,11347
AI103,Pune,Delhi,21:15,Boarding,3,6508
UK222,Delhi,Jaipur,22:15,Boarding,11,11465
AI247,Hyderabad,Mumbai,05:15,On Time,12,3517
QP985,Kolkata,Chennai,21:30,Delayed,8,8334
SG707,Lucknow,Mumbai,20:30,On Time,19,10397
SG521,Mumbai,Pune,15:30,Boarding,5,8007
UK508,Mumbai,Ahmedabad,22:45,Boarding,2,9904
6E661,Mumbai,Hyderabad,20:30,On Time,16,11413
AI795,Pune,Hyderabad,16:15,Cancelled,20,3990
6E227,Goa,Lucknow,09:45,Delayed,10,11809
6E667,Delhi,Goa,07:00,On Time,5,9351
UK541,Lucknow,Ahmedabad,02:00,Delayed,5,6782
6E143,Jaipur,Pune,07:30,Cancelled,16,11495
QP706,Kolkata,Hyderabad,07:45,Delayed,7,4594
QP809,Chennai,Kolkata,02:15,On Time,7,7481
6E220,Hyderabad,Pune,14:30,Boarding,20,10029
SG449,Ahmedabad,Goa,11:15,Boarding,5,5990
AI770,Jaipur,Pune,03:45,Cancelled,14,10670
SG354,Pune,Goa,17:00,Boarding,5,10917
AI503,Jaipur,Hyderabad,09:15,Delayed,13,3758
SG688,Ahmedabad,Chennai,09:15,Cancelled,3,4771
AI725,Hyderabad,Lucknow,14:30,On Time,14,7009
AI758,Hyderabad,Delhi,14:00,Boarding,11,5772
6E133,Pune,Delhi,23:45,Delayed,16,11600
6E432,Goa,Delhi,01:30,Cancelled,8,5832
QP253,Mumbai,Delhi,19:00,Cancelled,7,3900
6E608,Mumbai,Hyderabad,01:45,Cancelled,11,7971
6E468,Kolkata,Lucknow,19:45,On Time,8,4993
QP970,Lucknow,Chennai,19:45,Boarding,11,5652
SG178,Lucknow,Mumbai,06:30,Delayed,12,7765
QP591,Chennai,Kolkata,13:15,Boarding,18,11436
QP134,Mumbai,Bangalore,15:15,Boarding,4,10913
SG643,Goa,Bangalore,09:30,Boarding,6,6514
AI611,Goa,Pune,03:30,Cancelled,17,4897
QP493,Delhi,Lucknow,17:45,Cancelled,5,4199
AI209,Chennai,Jaipur,05:15,On Time,15,4869
QP843,Kolkata,Hyderabad,09:45,On Time,15,7052
AI813,Mumbai,Lucknow,19:45,On Time,16,11576
6E165,Bangalore,Kolkata,11:45,On Time,10,6221
6E337,Pune,Mumbai,04:45,Boarding,7,3201
SG736,Pune,Bangalore,09:15,On Time,15,8440
UK604,Jaipur,Ahmedabad,10:15,On Time,2,6966
6E709,Hyderabad,Chennai,17:15,Delayed,13,11595
QP454,Jaipur,Pune,23:30,Delayed,13,7191
SG442,Hyderabad,Jaipur,02:15,Delayed,18,4803
SG127,Jaipur,Chennai,09:30,Boarding,10,4449
AI799,Chennai,Hyderabad,08:45,On Time,10,8428
6E625,Hyderabad,Goa,21:45,Boarding,9,8876
SG675,Delhi,Goa,15:30,Boarding,17,4255
QP351,Jaipur,Pune,11:45,Cancelled,20,3597
QP801,Hyderabad,Delhi,01:00,Boarding,6,6671
SG869,Hyderabad,Delhi,12:30,Boarding,9,3828
QP982,Ahmedabad,Goa,05:30,Boarding,1,11692
AI686,Pune,Hyderabad,08:30,Cancelled,19,6439
UK689,Ahmedabad,Jaipur,15:00,Boarding,13,11390
UK680,Hyderabad,Kolkata,15:30,On Time,7,6168
QP534,Hyderabad,Pune,15:45,On Time,18,6939
6E664,Kolkata,Delhi,14:15,Delayed,11,3147
QP420,Jaipur,Lucknow,00:00,On Time,7,7587
SG789,Goa,Hyderabad,01:30,Cancelled,20,9713
6E904,Chennai,Kolkata,21:15,Cancelled,15,8723
QP282,Ahmedabad,Delhi,23:30,Cancelled,5,5716
6E679,Delhi,Jaipur,04:00,Cancelled,12,8626
SG167,Chennai,Jaipur,02:45,Cancelled,2,5434
UK611,Chennai,Kolkata,01:15,Delayed,13,11081
6E250,Mumbai,Bangalore,09:45,Cancelled,6,6188
6E486,Lucknow,Delhi,02:00,On Time,3,7884
AI248,Goa,Bangalore,21:15,On Time,17,9778
SG349,Kolkata,Hyderabad,22:15,Cancelled,18,3721
SG820,Chennai,Pune,16:45,Boarding,16,6434
QP572,Mumbai,Chennai,22:00,Cancelled,6,3087
AI983,Goa,Ahmedabad,12:00,Boarding,16,9287
UK395,Pune,Delhi,21:30,Delayed,15,5208
AI255,Jaipur,Kolkata,04:30,Boarding,6,4714
QP991,Mumbai,Ahmedabad,03:45,Cancelled,4,3868
QP800,Ahmedabad,Delhi,03:30,Delayed,18,5600
6E512,Hyderabad,Mumbai,19:00,Boarding,12,11495
AI670,Jaipur,Pune,08:15,Cancelled,14,6294
QP231,Kolkata,Mumbai,03:00,On Time,6,9127
6E124,Bangalore,Goa,22:15,Boarding,12,4653
6E650,Chennai,Ahmedabad,04:45,Delayed,18,6416
QP402,Jaipur,Kolkata,06:15,Delayed,20,9759
UK986,Pune,Goa,12:15,On Time,14,6056
6E617,Delhi,Pune,17:15,On Time,7,3986
AI607,Kolkata,Jaipur,08:30,Boarding,8,5287
QP118,Ahmedabad,Goa,12:00,Delayed,11,5129
6E814,Pune,Goa,20:45,Boarding,10,9025
6E581,Mumbai,Hyderabad,13:45,Delayed,10,5733
AI815,Pune,Delhi,14:15,Cancelled,17,11136
UK433,Chennai,Kolkata,09:00,Cancelled,13,3797
UK151,Pune,Ahmedabad,15:45,On Time,3,3487
UK390,Ahmedabad,Mumbai,06:30,Delayed,4,7256
SG518,Kolkata,Pune,21:00,Delayed,20,6070
6E865,Lucknow,Bangalore,01:45,Cancelled,17,8910
QP683,Jaipur,Chennai,17:00,On Time,1,10273
QP186,Lucknow,Jaipur,17:30,Cancelled,12,11788
UK910,Lucknow,Pune,04:00,On Time,4,6781
UK213,Bangalore,Delhi,11:00,Boarding,9,7390
SG467,Ahmedabad,Bangalore,02:00,Cancelled,7,7419
UK756,Goa,Jaipur,02:30,Cancelled,6,5284
QP140,Jaipur,Hyderabad,09:45,On Time,4,9092
SG846,Kolkata,Jaipur,22:00,On Time,18,8853
UK116,Ahmedabad,Lucknow,00:00,Boarding,18,11544
SG106,Jaipur,Mumbai,05:45,Cancelled,15,7536
SG961,Lucknow,Goa,07:00,Boarding,11,4056
AI113,Goa,Delhi,23:30,Boarding,2,6779
6E829,Lucknow,Kolkata,18:00,On Time,8,10857
AI733,Chennai,Hyderabad,04:30,Delayed,15,7804
UK852,Lucknow,Hyderabad,11:15,On Time,2,8362
SG225,Delhi,Chennai,12:30,On Time,4,6367
QP989,Ahmedabad,Goa,04:30,Cancelled,7,8349
6E680,Hyderabad,Jaipur,21:00,Cancelled,11,4720
AI517,Mumbai,Chennai,01:30,On Time,12,7925
AI337,Hyderabad,Ahmedabad,07:45,On Time,16,11631
6E222,Mumbai,Jaipur,18:00,On Time,14,5652
QP153,Kolkata,Ahmedabad,01:15,On Time,10,4080
SG391,Mumbai,Delhi,13:30,Cancelled,16,5705
QP704,Bangalore,Pune,02:00,Boarding,17,8956
UK685,Lucknow,Pune,01:15,Delayed,2,5355
SG186,Lucknow,Bangalore,09:30,Boarding,12,10588
6E656,Jaipur,Kolkata,09:30,Boarding,13,6292
AI774,Lucknow,Bangalore,00:15,Boarding,12,11676
QP252,Lucknow,Mumbai,20:30,Delayed,2,4586
QP390,Hyderabad,Ahmedabad,17:15,Boarding,13,4544
UK166,Chennai,Pune,19:00,Boarding,5,7564
6E892,Hyderabad,Mumbai,21:45,On Time,15,8844
6E349,Lucknow,Bangalore,11:15,Boarding,16,11130
AI841,Goa,Kolkata,22:45,Delayed,18,3942
UK504,Hyderabad,Jaipur,23:15,Delayed,11,8788
SG933,Jaipur,Bangalore,03:30,Delayed,8,5535
QP385,Lucknow,Hyderabad,22:30,Cancelled,13,8656
AI465,Delhi,Jaipur,06:45,On Time,18,5068
AI148,Goa,Jaipur,08:45,On Time,9,5628
6E723,Pune,Jaipur,14:45,Boarding,19,8759
UK263,Mumbai,Goa,06:30,Delayed,7,4557
UK479,Ahmedabad,Kolkata,13:45,Delayed,13,4705
UK508,Pune,Chennai,14:45,On Time,11,5100
AI848,Hyderabad,Kolkata,17:45,Delayed,10,9680
SG407,Pune,Goa,10:15,Delayed,3,11566
SG707,Hyderabad,Jaipur,00:45,Boarding,12,5466
QP526,Goa,Bangalore,06:45,Delayed,15,3591
UK306,Mumbai,Pune,02:00,Boarding,6,3168
AI908,Hyderabad,Jaipur,01:30,Boarding,9,8378
SG271,Ahmedabad,Lucknow,01:30,Boarding,12,10884
UK865,Jaipur,Pune,03:00,On Time,1,9235
6E529,Goa,Pune,02:15,On Time,15,8385
QP805,Goa,Ahmedabad,10:45,Boarding,17,11689
UK966,Bangalore,Pune,17:30,Boarding,12,10840
QP215,Jaipur,Lucknow,08:45,Boarding,17,11076
6E786,Goa,Ahmedabad,02:30,Boarding,16,9262
UK279,Jaipur,Delhi,07:15,Delayed,13,10412
UK570,Hyderabad,Mumbai,11:30,Boarding,9,4583
SG312,Pune,Bangalore,01:45,Cancelled,9,9203
6E381,Bangalore,Hyderabad,09:15,Boarding,18,6883
6E690,Pune,Ahmedabad,07:00,Delayed,8,6551
AI850,Bangalore,Ahmedabad,04:15,Delayed,6,9343
AI442,Mumbai,Kolkata,04:00,Delayed,14,9281
6E970,Goa,Mumbai,07:30,On Time,20,10491
UK996,Chennai,Bangalore,17:15,Cancelled,11,11778
QP856,Bangalore,Hyderabad,05:15,Boarding,14,8520
AI370,Jaipur,Mumbai,19:15,Boarding,6,5939
AI247,Delhi,Bangalore,20:45,On Time,11,5137
QP637,Pune,Kolkata,14:30,Cancelled,3,6395
QP864,Jaipur,Hyderabad,16:00,Delayed,10,11127
6E372,Mumbai,Bangalore,04:00,On Time,2,3929
AI321,Pune,Delhi,08:15,Boarding,7,11306
QP778,Kolkata,Delhi,09:15,On Time,16,10442
6E226,Goa,Jaipur,07:00,Boarding,14,11601
SG161,Pune,Ahmedabad,11:15,Delayed,2,7715
QP876,Mumbai,Delhi,17:00,Cancelled,8,6757
SG231,Goa,Lucknow,08:30,Delayed,17,4366
QP512,Goa,Pune,16:15,Boarding,2,9170
UK623,Chennai,Bangalore,07:15,On Time,2,9788
QP566,Ahmedabad,Jaipur,23:00,Boarding,9,8927
AI258,Kolkata,Ahmedabad,21:45,On Time,18,11883
AI167,Goa,Lucknow,20:30,Cancelled,20,5434
SG944,Lucknow,Chennai,12:30,Cancelled,12,5653
SG649,Jaipur,Chennai,13:15,Cancelled,18,8334
AI610,Mumbai,Hyderabad,20:15,Delayed,18,10501
QP796,Pune,Chennai,09:30,Delayed,18,8758
AI651,Mumbai,Hyderabad,08:15,Boarding,11,9408
6E366,Lucknow,Bangalore,20:30,Delayed,20,7218
UK909,Chennai,Bangalore,08:00,Delayed,19,7089
SG524,Goa,Bangalore,19:45,Delayed,1,3739
AI835,Hyderabad,Ahmedabad,01:15,Delayed,10,7148
QP460,Jaipur,Mumbai,18:15,On Time,17,11822
AI539,Mumbai,Goa,13:15,Cancelled,19,8780
SG488,Ahmedabad,Goa,19:15,Cancelled,3,4683
QP886,Bangalore,Delhi,01:30,Boarding,6,3283
AI607,Jaipur,Delhi,08:15,Boarding,5,4937
SG125,Goa,Kolkata,16:15,Boarding,8,4863
AI463,Goa,Bangalore,21:45,Boarding,13,3773
SG809,Lucknow,Delhi,03:45,Boarding,4,5958
SG551,Kolkata,Hyderabad,17:30,Cancelled,3,3423
QP759,Ahmedabad,Pune,06:15,Delayed,18,8133
AI323,Hyderabad,Bangalore,15:15,Boarding,14,3179
6E754,Bangalore,Kolkata,11:30,Boarding,13,11897
AI717,Kolkata,Hyderabad,17:15,Boarding,4,10203
UK936,Lucknow,Goa,14:30,Delayed,14,11841
6E704,Chennai,Delhi,02:30,Cancelled,11,4408
6E680,Lucknow,Ahmedabad,16:15,Boarding,15,8114
6E465,Lucknow,Mumbai,13:45,Delayed,8,10377
6E970,Bangalore,Pune,13:30,Delayed,2,5065
QP779,Ahmedabad,Jaipur,09:15,Cancelled,12,3556
SG174,Ahmedabad,Kolkata,15:00,On Time,20,9089
SG330,Chennai,Bangalore,01:00,On Time,4,7717
AI618,Lucknow,Chennai,17:30,Delayed,3,4419
SG194,Delhi,Kolkata,15:15,Delayed,19,6199
SG792,Kolkata,Jaipur,14:15,Delayed,7,4946
AI360,Goa,Delhi,12:00,Boarding,15,9673
UK289,Hyderabad,Ahmedabad,23:45,On Time,12,11304
6E704,Kolkata,Chennai,22:00,Delayed,17,8207
QP347,Mumbai,Bangalore,13:00,On Time,20,8549
AI766,Mumbai,Kolkata,11:00,Delayed,17,6114
6E925,Goa,Jaipur,22:00,Delayed,11,10099
6E353,Bangalore,Kolkata,23:00,Cancelled,19,11149
AI861,Ahmedabad,Hyderabad,22:00,Cancelled,18,10420
SG513,Hyderabad,Mumbai,13:15,Boarding,8,7224
QP955,Goa,Pune,17:30,Delayed,20,5393
AI171,Ahmedabad,Pune,23:30,Boarding,18,6466
6E112,Ahmedabad,Delhi,17:00,Boarding,4,3699
AI550,Lucknow,Jaipur,00:15,Cancelled,17,10968
AI476,Mumbai,Hyderabad,22:15,Cancelled,4,8872
QP389,Pune,Mumbai,15:00,Boarding,3,6115
AI832,Lucknow,Pune,22:30,Cancelled,12,7895
QP422,Pune,Mumbai,07:45,On Time,18,9377
UK163,Chennai,Jaipur,06:00,Delayed,11,9644
QP808,Goa,Chennai,07:30,Cancelled,19,8325
SG215,Delhi,Goa,14:15,Cancelled,10,7483
AI862,Kolkata,Pune,23:30,Delayed,4,7283
UK792,Lucknow,Jaipur,11:45,Cancelled,2,6948
AI150,Mumbai,Pune,08:30,On Time,16,6567
QP152,Mumbai,Goa,09:30,Delayed,16,7244
AI582,Hyderabad,Chennai,10:15,Cancelled,16,7862
SG563,Bangalore,Kolkata,06:00,Cancelled,4,5335
AI814,Delhi,Bangalore,09:30,Delayed,19,9576
SG644,Delhi,Pune,00:00,On Time,5,5130
AI852,Chennai,Jaipur,03:30,Delayed,13,9537
AI107,Hyderabad,Ahmedabad,06:00,Boarding,3,4144
6E183,Delhi,Hyderabad,04:30,Boarding,4,3436
UK533,Jaipur,Delhi,20:45,Delayed,14,11730
UK958,Mumbai,Hyderabad,22:45,Delayed,18,10236
QP540,Ahmedabad,Mumbai,21:45,On Time,8,8717
AI180,Mumbai,Chennai,09:30,On Time,19,10079
QP216,Kolkata,Jaipur,12:15,Cancelled,17,11770
6E534,Jaipur,Pune,15:15,Boarding,17,3985
QP959,Bangalore,Goa,06:00,Boarding,6,5314
6E114,Lucknow,Jaipur,19:30,Cancelled,20,8177
6E122,Chennai,Goa,19:15,Delayed,3,10282
QP163,Chennai,Ahmedabad,08:30,On Time,5,8510
UK236,Goa,Kolkata,18:45,Cancelled,11,8272
UK979,Goa,Delhi,11:15,On Time,1,3219
UK957,Hyderabad,Pune,04:00,Boarding,19,11806
6E130,Delhi,Jaipur,23:45,Cancelled,6,8574
AI579,Goa,Delhi,14:30,Cancelled,17,7743
6E138,Jaipur,Lucknow,01:45,On Time,12,11984
UK936,Delhi,Lucknow,02:30,Delayed,5,6637
6E459,Chennai,Bangalore,16:45,Cancelled,18,10251
AI266,Delhi,Bangalore,21:45,Delayed,20,7326
SG461,Bangalore,Pune,02:15,Cancelled,11,3538
AI172,Jaipur,Kolkata,02:15,Cancelled,14,8943
SG367,Kolkata,Delhi,03:45,Cancelled,20,8412
SG146,Goa,Ahmedabad,15:15,Cancelled,3,4058
SG486,Hyderabad,Kolkata,19:45,On Time,4,6796
6E878,Mumbai,Jaipur,13:15,Boarding,10,11484
SG394,Pune,Delhi,08:30,On Time,20,11632
UK292,Goa,Hyderabad,22:00,Boarding,6,5198
6E636,Hyderabad,Goa,23:45,Delayed,11,3998
AI522,Lucknow,Bangalore,11:30,Delayed,16,11587
SG928,Hyderabad,Goa,20:45,Boarding,20,4779
QP221,Goa,Chennai,14:45,Cancelled,6,4132
QP570,Hyderabad,Pune,04:00,Delayed,11,8350
SG254,Mumbai,Pune,04:45,On Time,8,11984
UK245,Ahmedabad,Lucknow,17:45,Delayed,16,7355
SG519,Jaipur,Bangalore,10:45,Cancelled,3,10297
QP435,Pune,Ahmedabad,21:30,Cancelled,16,8120
QP358,Lucknow,Jaipur,05:30,Cancelled,18,4586
UK215,Lucknow,Pune,04:30,Cancelled,7,6046
QP238,Mumbai,Pune,09:45,Cancelled,18,9759
UK924,Jaipur,Hyderabad,16:45,On Time,17,3789
QP311,Kolkata,Mumbai,10:00,On Time,15,11903
QP790,Jaipur,Hyderabad,16:15,Boarding,14,4073
AI650,Goa,Kolkata,20:30,On Time,20,9509
6E987,Hyderabad,Delhi,19:00,Delayed,9,3609
6E756,Kolkata,Lucknow,15:00,On Time,1,3164
6E954,Mumbai,Ahmedabad,17:45,Delayed,18,7935
SG673,Hyderabad,Chennai,00:30,On Time,16,10868
SG436,Lucknow,Hyderabad,22:30,Cancelled,10,9083
QP652,Chennai,Ahmedabad,08:00,On Time,13,9358
6E337,Jaipur,Pune,03:15,Cancelled,20,11974
QP260,Ahmedabad,Kolkata,22:15,Boarding,9,6468
UK553,Hyderabad,Mumbai,10:00,Delayed,12,6333
QP836,Goa,Jaipur,16:15,Cancelled,6,3680
AI850,Bangalore,Jaipur,10:30,On Time,8,11793
QP370,Kolkata,Bangalore,02:15,On Time,18,6749
UK714,Bangalore,Lucknow,12:45,Cancelled,16,8083
UK890,Ahmedabad,Pune,22:15,Cancelled,17,10697
SG724,Chennai,Delhi,03:15,Delayed,1,9043
AI175,Mumbai,Ahmedabad,23:30,Boarding,3,7458
SG776,Delhi,Lucknow,11:00,On Time,3,3635
6E546,Delhi,Bangalore,22:30,Delayed,19,7569
6E705,Ahmedabad,Delhi,03:45,Delayed,19,5395
AI605,Ahmedabad,Hyderabad,04:30,Delayed,1,3066
UK674,Pune,Lucknow,11:15,Delayed,5,8423
6E275,Goa,Delhi,01:15,On Time,4,8393
UK454,Delhi,Hyderabad,08:30,Boarding,17,8398
QP912,Goa,Ahmedabad,10:00,On Time,10,3463
SG330,Kolkata,Mumbai,16:15,Delayed,6,3186
6E108,Delhi,Bangalore,20:00,Boarding,2,5801
SG706,Lucknow,Kolkata,14:00,On Time,10,7693
QP751,Goa,Bangalore,13:15,Cancelled,7,5468
SG444,Kolkata,Lucknow,23:15,On Time,10,3316
6E419,Jaipur,Lucknow,17:00,Boarding,13,10588
QP946,Kolkata,Lucknow,19:30,Cancelled,16,8307
AI499,Lucknow,Bangalore,14:00,Cancelled,17,4607
SG630,Kolkata,Hyderabad,23:30,Delayed,18,6702
SG185,Goa,Mumbai,09:00,Delayed,15,9595
UK964,Jaipur,Goa,12:45,On Time,4,11910
6E753,Jaipur,Goa,07:00,Delayed,20,5199
AI259,Hyderabad,Goa,03:15,Boarding,11,8786
6E833,Hyderabad,Chennai,18:15,On Time,10,10989
6E367,Bangalore,Hyderabad,01:15,Delayed,5,3871
AI892,Goa,Ahmedabad,18:00,Delayed,18,6180
UK862,Chennai,Pune,14:15,Boarding,1,5005
AI284,Goa,Kolkata,12:30,On Time,16,9105
UK264,Mumbai,Kolkata,06:15,Boarding,10,4683
AI712,Delhi,Chennai,13:30,Delayed,6,11582
AI258,Chennai,Jaipur,21:45,Boarding,2,4959
6E666,Pune,Lucknow,11:15,Cancelled,18,11929
SG400,Hyderabad,Kolkata,21:45,Cancelled,15,9892
QP576,Jaipur,Hyderabad,17:15,Boarding,17,5649
UK775,Lucknow,Jaipur,14:45,Cancelled,15,4448
AI703,Hyderabad,Ahmedabad,21:15,Delayed,4,8659
QP913,Bangalore,Hyderabad,15:15,On Time,15,11986
6E927,Ahmedabad,Jaipur,04:45,Boarding,4,9967
QP707,Pune,Hyderabad,17:45,Delayed,8,3953
QP856,Lucknow,Chennai,18:00,Cancelled,16,7978
QP622,Delhi,Jaipur,18:00,Delayed,3,11213
UK653,Chennai,Lucknow,22:30,On Time,1,11215
UK155,Delhi,Kolkata,10:45,Boarding,5,10946
6E739,Mumbai,Goa,00:00,Delayed,15,9686
AI363,Lucknow,Mumbai,02:30,Boarding,5,7538
SG193,Bangalore,Hyderabad,10:30,Cancelled,3,7601
UK904,Hyderabad,Kolkata,03:45,Delayed,12,10363
6E613,Hyderabad,Lucknow,21:30,Delayed,20,5407
UK557,Mumbai,Lucknow,13:00,On Time,2,10631
QP386,Goa,Hyderabad,03:45,On Time,7,9651
AI408,Hyderabad,Kolkata,06:15,On Time,18,8404
6E483,Delhi,Mumbai,20:00,Boarding,7,10164
SG374,Ahmedabad,Lucknow,09:00,On Time,15,11188
UK493,Ahmedabad,Lucknow,09:30,Delayed,13,4005
AI454,Kolkata,Bangalore,15:45,On Time,2,10315
AI122,Ahmedabad,Pune,06:45,On Time,1,10076
QP237,Hyderabad,Jaipur,07:15,Boarding,13,9459
QP500,Jaipur,Ahmedabad,07:45,Boarding,15,6573
QP596,Lucknow,Ahmedabad,09:00,Boarding,8,5520
SG209,Kolkata,Bangalore,14:15,Boarding,2,7688
6E854,Pune,Goa,12:00,On Time,3,9732
QP530,Goa,Kolkata,10:15,Cancelled,16,7165
AI354,Bangalore,Delhi,21:30,Delayed,10,7996
6E805,Ahmedabad,Kolkata,02:00,On Time,14,7207
6E729,Ahmedabad,Bangalore,23:45,Delayed,7,10567
UK891,Chennai,Kolkata,10:00,Cancelled,19,4651
SG645,Kolkata,Hyderabad,01:45,Boarding,7,9042
QP400,Hyderabad,Bangalore,07:00,Boarding,7,4151
6E170,Bangalore,Ahmedabad,18:30,On Time,13,9435
QP301,Delhi,Chennai,12:00,Boarding,12,7744
AI280,Ahmedabad,Pune,15:00,Cancelled,5,3572
AI244,Jaipur,Bangalore,01:30,Delayed,16,3284
6E603,Pune,Goa,09:15,Delayed,11,5152
6E281,Mumbai,Jaipur,18:30,Boarding,5,9229
6E501,Pune,Delhi,08:30,Boarding,5,11534
AI468,Bangalore,Lucknow,00:15,Boarding,6,8913
AI229,Jaipur,Goa,07:45,Boarding,18,7635
QP432,Bangalore,Jaipur,05:30,Delayed,17,10298
SG108,Kolkata,Jaipur,15:30,On Time,19,6002
QP211,Kolkata,Ahmedabad,23:30,Delayed,2,4936
UK639,Chennai,Lucknow,04:30,Delayed,7,9094
SG820,Kolkata,Bangalore,15:30,Boarding,7,7029
SG886,Delhi,Bangalore,04:15,Boarding,18,3004
QP818,Delhi,Goa,00:15,Cancelled,6,9478
AI374,Delhi,Pune,14:30,Cancelled,17,8899
SG763,Delhi,Goa,02:15,On Time,20,7678
UK893,Bangalore,Delhi,01:30,Cancelled,18,8970
QP947,Chennai,Lucknow,14:15,Delayed,9,11198
SG857,Hyderabad,Lucknow,17:15,Boarding,19,4446
QP627,Goa,Hyderabad,22:00,On Time,17,5377
AI560,Ahmedabad,Bangalore,22:30,Boarding,15,8766
UK135,Delhi,Lucknow,04:15,On Time,11,7101
AI144,Goa,Ahmedabad,21:45,Cancelled,7,5969
AI771,Kolkata,Delhi,12:15,On Time,6,7077
QP799,Mumbai,Hyderabad,15:00,Boarding,12,10945
SG249,Ahmedabad,Delhi,12:15,Boarding,17,11561
SG230,Pune,Ahmedabad,13:30,Cancelled,14,4622
UK204,Goa,Jaipur,08:45,On Time,16,4772
AI457,Bangalore,Kolkata,09:45,Boarding,19,4410
SG482,Pune,Lucknow,12:00,On Time,14,10030
6E770,Bangalore,Ahmedabad,17:45,On Time,11,11218
AI263,Mumbai,Chennai,07:15,Cancelled,12,8765
SG253,Mumbai,Kolkata,14:00,Boarding,5,8788
SG115,Delhi,Lucknow,23:45,Boarding,7,7470
AI933,Chennai,Ahmedabad,00:30,Cancelled,9,3595
SG958,Ahmedabad,Delhi,01:30,Boarding,16,5211
6E335,Lucknow,Kolkata,11:00,Boarding,1,11064
UK564,Hyderabad,Chennai,16:45,On Time,7,10506
QP605,Hyderabad,Mumbai,02:45,Boarding,1,3290
QP990,Chennai,Ahmedabad,22:30,Delayed,14,9465
6E329,Chennai,Lucknow,08:15,On Time,20,10112
6E339,Delhi,Mumbai,22:00,Boarding,11,8358
6E884,Ahmedabad,Lucknow,22:30,Delayed,14,8370
6E599,Delhi,Goa,22:45,Delayed,15,10138
SG224,Lucknow,Hyderabad,19:30,Cancelled,5,11211
SG841,Chennai,Mumbai,02:45,Cancelled,6,10324
UK946,Mumbai,Bangalore,16:45,Boarding,3,3119
SG920,Jaipur,Bangalore,16:00,Delayed,14,3411
6E861,Kolkata,Lucknow,15:15,Cancelled,17,11585
SG249,Lucknow,Pune,23:15,Boarding,10,5133
UK165,Chennai,Bangalore,01:15,On Time,16,7133
UK233,Ahmedabad,Mumbai,05:15,Boarding,5,8047
AI246,Lucknow,Ahmedabad,20:00,Boarding,15,11232
UK453,Bangalore,Mumbai,02:15,Delayed,4,3144
SG409,Pune,Ahmedabad,13:00,Delayed,6,8608
QP507,Lucknow,Pune,01:45,On Time,15,4093
6E181,Ahmedabad,Kolkata,15:15,Cancelled,4,7252
SG426,Hyderabad,Mumbai,23:45,Cancelled,1,11604
UK947,Goa,Mumbai,03:45,Boarding,1,11109
UK170,Hyderabad,Delhi,00:45,Delayed,17,10944
6E181,Jaipur,Goa,20:45,Boarding,9,4005
QP592,Chennai,Pune,09:15,Cancelled,13,6364
SG535,Hyderabad,Goa,03:30,Cancelled,17,6287
AI163,Kolkata,Pune,04:00,Boarding,17,9339
AI961,Bangalore,Mumbai,09:30,Cancelled,16,7402
QP648,Mumbai,Kolkata,21:45,Delayed,4,9314
AI804,Lucknow,Mumbai,14:00,Delayed,8,3398
QP273,Lucknow,Mumbai,23:45,Boarding,6,9435
SG808,Delhi,Hyderabad,20:45,Delayed,8,8379
SG639,Kolkata,Ahmedabad,17:15,On Time,13,9308
6E661,Delhi,Lucknow,01:30,Boarding,6,9219
AI704,Chennai,Jaipur,05:15,Delayed,20,6731
6E388,Bangalore,Pune,20:45,Cancelled,14,7766
6E218,Bangalore,Chennai,02:45,Boarding,19,11664
QP519,Jaipur,Chennai,16:30,Boarding,12,7189
UK299,Ahmedabad,Delhi,04:15,On Time,6,5621
QP806,Goa,Kolkata,13:00,On Time,3,3563
QP982,Lucknow,Chennai,22:15,Delayed,8,7370
QP498,Hyderabad,Mumbai,05:15,Delayed,8,10761
AI973,Delhi,Pune,09:00,Delayed,2,5415
SG824,Bangalore,Jaipur,23:45,Cancelled,19,8958
6E789,Delhi,Lucknow,12:45,Cancelled,3,7096
UK219,Mumbai,Hyderabad,10:30,Cancelled,8,11942
QP555,Kolkata,Ahmedabad,01:00,Cancelled,7,10079
AI658,Hyderabad,Bangalore,03:30,Cancelled,3,4369
UK889,Mumbai,Bangalore,06:00,On Time,13,4383
AI738,Ahmedabad,Jaipur,07:30,On Time,7,9888
SG630,Lucknow,Hyderabad,03:30,Boarding,20,6347
6E920,Bangalore,Kolkata,13:30,Boarding,20,7505
UK484,Ahmedabad,Goa,03:15,Boarding,15,4446
UK657,Delhi,Pune,16:00,Cancelled,5,10711
SG855,Bangalore,Jaipur,17:00,On Time,7,10134
QP405,Lucknow,Hyderabad,01:45,Boarding,4,9995
SG964,Bangalore,Hyderabad,22:30,Delayed,3,6136
AI111,Hyderabad,Lucknow,18:30,Cancelled,13,9364
UK266,Ahmedabad,Mumbai,18:45,Cancelled,16,5201
SG495,Delhi,Bangalore,00:30,Delayed,15,9038
UK551,Pune,Chennai,13:00,Delayed,15,9128
UK751,Ahmedabad,Pune,17:30,On Time,8,8701
UK400,Kolkata,Mumbai,11:30,Boarding,5,6113
QP134,Bangalore,Chennai,00:15,Boarding,7,5408
AI132,Mumbai,Lucknow,04:30,On Time,18,5904
AI166,Pune,Kolkata,01:15,Cancelled,19,3585
SG900,Chennai,Jaipur,14:00,Delayed,8,11695
SG120,Mumbai,Kolkata,06:30,Boarding,1,4499
6E610,Pune,Bangalore,12:30,On Time,10,9788
SG238,Pune,Mumbai,22:00,Delayed,14,4318
SG414,Kolkata,Chennai,04:15,Boarding,15,5210
6E780,Delhi,Ahmedabad,02:30,Cancelled,18,9693
QP194,Delhi,Kolkata,01:00,Boarding,13,10399
QP904,Kolkata,Pune,15:15,Cancelled,11,5404
6E507,Lucknow,Ahmedabad,14:30,Cancelled,15,3658
UK803,Kolkata,Jaipur,21:30,On Time,16,8772
UK224,Jaipur,Hyderabad,06:45,Delayed,1,3547
SG723,Jaipur,Chennai,12:00,On Time,14,10220
QP228,Pune,Bangalore,18:30,Boarding,14,7138
